Datetime,Water Level (m)
2025-04-29 18:00:00,3.4923163e-05
2025-04-29 19:00:00,2.2029837e-05
2025-04-29 20:00:00,0.00013213778
2025-04-29 21:00:00,3.7916565e-05
2025-04-29 22:00:00,5.2581065e-05
2025-04-29 23:00:00,3.1966225e-05
2025-04-30 00:00:00,1.0982693e-05
2025-04-30 01:00:00,8.627406e-06
2025-04-30 02:00:00,-3.7358655e-05
2025-04-30 03:00:00,-6.466001e-05
2025-04-30 04:00:00,-1.9065066e-05
2025-04-30 05:00:00,-6.802725e-05
2025-04-30 06:00:00,-0.000107354324
2025-04-30 07:00:00,-0.00010604981
2025-04-30 08:00:00,-3.4355515e-05
2025-04-30 09:00:00,0.00012910124
2025-04-30 10:00:00,-0.00014690004
2025-04-30 11:00:00,-4.556479e-05
2025-04-30 12:00:00,4.3652315e-05
2025-04-30 13:00:00,5.7881305e-05
2025-04-30 14:00:00,7.7372504e-05
2025-04-30 15:00:00,2.7272774e-05
2025-04-30 16:00:00,-4.4437766e-06
2025-04-30 17:00:00,-1.8237923e-05
2025-04-30 18:00:00,-2.0449588e-05
2025-04-30 19:00:00,1.0191968e-05
2025-04-30 20:00:00,3.2993335e-05
2025-04-30 21:00:00,-1.509383e-05
2025-04-30 22:00:00,8.87146e-06
2025-04-30 23:00:00,1.8096292e-05
2025-05-01 00:00:00,-4.070267e-06
2025-05-01 01:00:00,-9.848327e-06
2025-05-01 02:00:00,-2.496104e-05
2025-05-01 03:00:00,-3.8468777e-05
2025-05-01 04:00:00,-6.924654e-05
2025-05-01 05:00:00,-9.361914e-05
2025-05-01 06:00:00,-8.8046756e-05
2025-05-01 07:00:00,-4.46677e-05
2025-05-01 08:00:00,-1.0609262e-05
2025-05-01 09:00:00,-1.6548174e-05
2025-05-01 10:00:00,-9.698778e-06
2025-05-01 11:00:00,5.5412464e-05
2025-05-01 12:00:00,0.0002013801
2025-05-01 13:00:00,0.00023811344
2025-05-01 14:00:00,0.00015425743
2025-05-01 15:00:00,0.00010632818
2025-05-01 16:00:00,0.00011556295
2025-05-01 17:00:00,7.795452e-05
2025-05-01 18:00:00,2.2140952e-05
2025-05-01 19:00:00,-9.592288e-06
2025-05-01 20:00:00,-2.4276878e-05
2025-05-01 21:00:00,8.0101e-06
2025-05-01 22:00:00,2.192713e-05
2025-05-01 23:00:00,1.7896036e-05
2025-05-02 00:00:00,3.7803926e-05
2025-05-02 01:00:00,2.2759781e-05
2025-05-02 02:00:00,5.327285e-05
2025-05-02 03:00:00,2.124952e-05
2025-05-02 04:00:00,-2.4436436e-06
2025-05-02 05:00:00,-2.3419721e-05
2025-05-02 06:00:00,-6.3535655e-05
2025-05-02 07:00:00,-8.6529435e-05
2025-05-02 08:00:00,-1.8854425e-05
2025-05-02 09:00:00,0.00026977248
2025-05-02 10:00:00,-0.00015595376
2025-05-02 11:00:00,8.1833765e-05
2025-05-02 12:00:00,0.00012964042
2025-05-02 13:00:00,0.00015885239
2025-05-02 14:00:00,3.4970225e-07
2025-05-02 15:00:00,0.00017890983
2025-05-02 16:00:00,2.917348e-05
2025-05-02 17:00:00,-3.380835e-05
2025-05-02 18:00:00,8.1309714e-05
2025-05-02 19:00:00,0.0001138458
2025-05-02 20:00:00,5.9765287e-05
2025-05-02 21:00:00,1.24687585e-05
2025-05-02 22:00:00,1.4061533e-05
2025-05-02 23:00:00,4.517329e-06
2025-05-03 00:00:00,-1.4554538e-05
2025-05-03 01:00:00,1.307476e-05
2025-05-03 02:00:00,6.242869e-05
2025-05-03 03:00:00,4.6444682e-05
2025-05-03 04:00:00,2.2680535e-05
2025-05-03 05:00:00,6.5050976e-06
2025-05-03 06:00:00,2.4667273e-05
2025-05-03 07:00:00,0.00010912342
2025-05-03 08:00:00,0.00025801442
2025-05-03 09:00:00,0.00039456662
2025-05-03 10:00:00,-1.2514637e-05
2025-05-03 11:00:00,-0.00023630222
2025-05-03 12:00:00,0.00013678717
2025-05-03 13:00:00,0.00034190956
2025-05-03 14:00:00,8.366347e-05
2025-05-03 15:00:00,0.00022054068
2025-05-03 16:00:00,7.1380186e-05
2025-05-03 17:00:00,0.00024054397
2025-05-03 18:00:00,0.00015707088
2025-05-03 19:00:00,5.9471706e-05
2025-05-03 20:00:00,-1.5552084e-07
2025-05-03 21:00:00,2.8315155e-05
2025-05-03 22:00:00,3.8852228e-05
2025-05-03 23:00:00,3.540924e-05
2025-05-04 00:00:00,1.0939794e-05
2025-05-04 01:00:00,6.800412e-05
2025-05-04 02:00:00,0.00011005619
2025-05-04 03:00:00,0.00010754975
2025-05-04 04:00:00,9.835681e-05
2025-05-04 05:00:00,7.698288e-05
2025-05-04 06:00:00,9.2416565e-05
2025-05-04 07:00:00,0.00015920265
2025-05-04 08:00:00,8.7044195e-05
2025-05-04 09:00:00,7.76696e-05
2025-05-04 10:00:00,0.00011424392
2025-05-04 11:00:00,0.00026056822
2025-05-04 12:00:00,-6.500641e-05
2025-05-04 13:00:00,0.00024528307
2025-05-04 14:00:00,0.00010878926
2025-05-04 15:00:00,0.00014247472
2025-05-04 16:00:00,0.0003700165
2025-05-04 17:00:00,-6.60267e-05
2025-05-04 18:00:00,5.5748187e-05
2025-05-04 19:00:00,-4.8254366e-05
2025-05-04 20:00:00,7.482529e-05
2025-05-04 21:00:00,8.133281e-05
2025-05-04 22:00:00,9.1127746e-05
2025-05-04 23:00:00,0.00010314792
2025-05-05 00:00:00,6.0511797e-05
2025-05-05 01:00:00,0.0001240506
2025-05-05 02:00:00,0.00010594319
2025-05-05 03:00:00,7.3479285e-05
2025-05-05 04:00:00,6.253902e-05
2025-05-05 05:00:00,4.7443657e-05
2025-05-05 06:00:00,5.399881e-05
2025-05-05 07:00:00,3.9603026e-05
2025-05-05 08:00:00,-5.6534423e-05
2025-05-05 09:00:00,-7.4069576e-05
2025-05-05 10:00:00,3.44786e-05
2025-05-05 11:00:00,4.8111356e-06
2025-05-05 12:00:00,0.00023060227
2025-05-05 13:00:00,0.00029529684
2025-05-05 14:00:00,-2.8433602e-05
2025-05-05 15:00:00,0.0003366191
2025-05-05 16:00:00,0.00025805863
2025-05-05 17:00:00,0.00013082684
2025-05-05 18:00:00,0.00017928676
